01	1uQ09MoP-ky8iJgTy5GiXzvxV-fG4jVda	Cap_1.pdf
02	1DUml27X1wrHFY7QtBl2gPC65DeWpnvEd	cap2.pdf
03	1cOvLL4P0fyD6Q2V_N7spuzJY6grHUXpT	CAP3.pdf
04	1cNLtQrzeGpx0BpyuIg4NtETNvp6SVTxa	CAP4.pdf
05	1xPKHZdrp2YMSDkmP0IdPEnzsIZ778obf	CAP5.pdf
06	18fC-qfGbICFDF5lfUDGM62la1-bUaKpf	[170-211]
07	1nKH29p2hJE_W3fCiXY-Q_D47KoRA1W4b	[212-255]
08	1eUIFD2L3nXIEWgnGFC1lQTpt2npIOdfL	[256-323]
09	1B2TKddEQeRHu0DYQKn7SjFCBc4QJtYvq	[324-405]
10	17JSN_nq8O5AEumGwgN87_Y1heABpzURc	[406-441]
11	17sphSVF-YpoxEqg6HZMg-fs1lKba8LYV	[442-477]
12	19StVqXO9kou6pc-ndSc2tRDo9nUkFZhG	[478-511]
13	1u_SboEAofhPhrpFdP-eWBs921am8NSXJ	[512-539]
14	1sDFEXEEU_4kLNRdaxz_DCM3gyJqIWrhb	[540-583]
15	1PDkhdCu_C4KOO0N6Zyg2Vsi2QtD0-D0L	[584-649]
16	1UX7_4hdDZqMKu0PZdNwbqpkwQwSDYnQj	[650-681]
17	19-NiqcNohIeaqxLDl7JrlG6Yq-QTnBZ-	[682-717]
18	1tGrcKbClXORf3r5dQcTv5CdcGkwXqHSV	[718-759]
19	1y2TMOKiIm4YC8-XXhrXHiaTljUk64YJn	[760-799]
20	1LO6CL7ND_JWItxd9ej_aZ3qLUUrRZfJt	[800-833]
21	1I1x1Tdvf-Ohfi387KDD9UZmIrsGLNheF	[834-867]
22	1AqhvUhnKZlq6YBG3xBOvQcrmjdoWbKhI	[868-905]
23	1V6IC8N_qWLOEc1H_Q0eVyeVYx0qjXVrF	[906-929]
24	1BjYbBVa5w9UZOs81kf0yeAX5btXvhrnq	[930-949]
25	1N4odx0L6dlMu6cxBuYsyECxwHddbpX8G	[950-975]
26	1LxiO2qA6_HLCiDZz1CsSweKNe7xdv_w_	[976-989]
27	1gNRPEwdHtU6jjoXHWBKaSuHzDLoctFfj	[990-1005]
28	12Qzq3jHvt_9d57ArqEIWh_vS9JgphR_p	[1006-1033]
29	1fSZArBvSkxTKBndB8HJVywkDA4AAFOpt	[1034-1057]
30	1PJ6SDpITw3WHbtkZbBV8xTfimU17vUcQ	[1058-1085]
31	1unzQJ1toCV6KEqy6xq9ndMfjc7N7z5FV	[1086-1127]
32	1uyHkPsFhuhqjx6APZrxu2v9Tr_8PQcQf	[1128-1181]
33	1vM9ZztQlePOCsd7l2Z3TEguP_J-S_Wk-	[1182-1203]
34	11FTR4ZDYLBRwYEfO3O5DSQEV0_tuZq5_	[1184-1225]
35	1O_LvgqJhikHfNrJLYJCNK3LWZ9ciiPpU	[1226-1249]
36	1IjEr_hHCEpdsbNZBqnnT9Qfo2zDqZ8Gg	[1250-1291]
37	1bW0QHInS2jjvafbZkwLCKKIt_9BTnSjH	[1292-1325]
38	15-cHYPhJliaDDw79ANJCRBvxnFP09bCC	[1326-1347]
39	1X5sf38XPUKeH9oqCRhBkUrPHMxogy0Mu	[1348-1373]
